元素,dim_0,dim_1,dim_2,dim_3,dim_4,dim_5,dim_6,dim_7,dim_8,dim_9,dim_10,dim_11,dim_12,dim_13,dim_14,dim_15
苹果斑点落叶病,0.1527930498123169,0.2525174021720886,0.43204402923583984,-0.031470514833927155,-0.21318484842777252,-0.10486287623643875,0.15808215737342834,0.39618760347366333,0.3343348801136017,-0.313736230134964,0.07262448221445084,0.006891641765832901,-0.3948396146297455,0.13884299993515015,0.295586496591568,-0.09359012544155121
苹果褐斑病,0.3712136745452881,0.23857884109020233,-0.16634756326675415,0.1739172786474228,0.13948984444141388,0.18971849977970123,-0.04413478076457977,0.03655809536576271,-0.2203071415424347,-0.21280892193317413,-0.16898398101329803,0.32758012413978577,-0.4446747303009033,-0.11342737823724747,0.4801959693431854,0.13322961330413818
苹果花叶病,0.16520366072654724,-0.246225044131279,0.03337050974369049,0.030910402536392212,0.08928347378969193,-0.16419580578804016,0.39782994985580444,0.19271469116210938,0.15225152671337128,0.05144380033016205,0.3673074245452881,0.08772843331098557,-0.2830335199832916,-0.4494762122631073,-0.2943420708179474,0.37743914127349854
苹果白粉病,0.4458314776420593,0.0765342265367508,-0.1346392035484314,-0.12985213100910187,-0.07159081846475601,0.18643949925899506,-0.0791759118437767,-0.1538599133491516,0.38716602325439453,0.3520519435405731,0.16417528688907623,-0.2969658076763153,-0.14827466011047363,0.03129447251558304,0.4353547692298889,-0.2984660863876343
苹果锈病,0.14710699021816254,-0.18027271330356598,-0.10337623208761215,0.3900117576122284,0.42313915491104126,0.3497677445411682,0.13603302836418152,-0.21329089999198914,0.3531886339187622,0.04408705607056618,0.25172191858291626,-0.4461688697338104,-0.13774049282073975,-0.04528248682618141,0.0868285521864891,0.002129906788468361
褐色,-0.07714059203863144,0.18900835514068604,-0.1837373822927475,-0.16723842918872833,-0.08394338935613632,-0.3167544901371002,0.026582373306155205,0.42242932319641113,0.19876092672348022,0.03416375443339348,-0.09802465885877609,0.2780568301677704,0.43943050503730774,0.3803786635398865,-0.16396251320838928,-0.34321388602256775
深褐色,0.06275605410337448,0.1391286998987198,-0.4405263662338257,-0.026711661368608475,-0.039236802607774734,-0.31197115778923035,0.22171615064144135,0.35865116119384766,-0.18282024562358856,-0.2128867506980896,-0.007228056900203228,-0.10037210583686829,-0.2524581253528595,0.39343780279159546,0.14905348420143127,-0.4191150665283203
圆形,-0.31670787930488586,0.2181001603603363,0.42223435640335083,-0.404587060213089,0.21636216342449188,-0.2596322298049927,0.25644776225090027,0.3101876378059387,-0.14212940633296967,0.23718754947185516,0.1459192931652069,-0.079571932554245,0.04389465972781181,0.21777795255184174,-0.2836018204689026,0.009261050261557102
有晕圈,-0.06916377693414688,-0.05157602205872536,0.013842049054801464,-0.2552151381969452,0.119094118475914,0.09901973605155945,-0.02555413544178009,0.2854810357093811,-0.2852666974067688,-0.4030115008354187,-0.3065497875213623,0.41022947430610657,-0.34829941391944885,0.327343612909317,-0.2934861183166504,-0.02079278603196144
分散分布,-0.4589877128601074,0.07502758502960205,0.23120468854904175,-0.22736868262290955,0.3574734032154083,0.20517832040786743,0.005604923702776432,0.10591709613800049,0.12957939505577087,-0.038227617740631104,-0.34727373719215393,0.21233104169368744,-0.5272755026817322,-0.08360608667135239,0.0873953327536583,0.1443285048007965
有小黑点,0.17701445519924164,0.010705956257879734,0.08539602905511856,-0.37394365668296814,0.4231800138950348,-0.29256579279899597,0.43175938725471497,0.012391245923936367,-0.1337970346212387,-0.2741420567035675,-0.17307867109775543,-0.0394635833799839,0.017901061102747917,0.43784433603286743,-0.2308407723903656,-0.017160503193736076
不规则形,-0.1862078756093979,0.11154784262180328,-0.15198524296283722,0.009252817369997501,-0.2670154571533203,0.31025609374046326,0.05497611314058304,-0.27770984172821045,-0.21058563888072968,0.3314499258995056,-0.32618066668510437,0.21841643750667572,0.31235748529434204,0.017721276730298996,0.3395628333091736,0.4006347358226776
有同心轮纹,-0.2051972895860672,0.10064128786325455,0.1261107474565506,-0.1176958829164505,-0.33337026834487915,0.43186894059181213,-0.04087551310658455,-0.36443352699279785,-0.4305723011493683,-0.18885990977287292,-0.4409443736076355,0.09222051501274109,-0.16419298946857452,-0.18441295623779297,-0.00032274279510602355,-0.03025473840534687
弥散分布,0.2914714813232422,0.35268497467041016,-0.3795678913593292,-0.33713075518608093,0.23979489505290985,0.08811018615961075,-0.19977213442325592,-0.06585612148046494,0.0044830855913460255,-0.2737128436565399,0.25442755222320557,0.07629457861185074,-0.2744790017604828,-0.030849669128656387,0.3010033369064331,0.33321359753608704
鲜黄色,0.19997495412826538,-0.20666855573654175,-0.18578970432281494,-0.10392044484615326,-0.1972787231206894,-0.3836611807346344,0.1981048882007599,-0.1618107557296753,-0.19221140444278717,0.4094524681568146,-0.16211311519145966,0.35029733180999756,-0.2784551978111267,-0.1422448307275772,-0.38731861114501953,-0.13807837665081024
黄绿色,0.24487678706645966,-0.13564136624336243,-0.2010980248451233,-0.14672252535820007,0.2448309063911438,-0.3409840166568756,-0.25500917434692383,0.4351375699043274,-0.19784143567085266,-0.12910299003124237,-0.02310848794877529,0.24979475140571594,0.0668361634016037,-0.194052055478096,-0.5098898410797119,-0.09072500467300415
无清晰边界,-0.08234035968780518,0.13234877586364746,0.03331322595477104,-0.18531957268714905,-0.45838460326194763,0.27552375197410583,-0.2654261291027069,0.1474333107471466,-0.07084061950445175,-0.40011441707611084,0.02116784080862999,-0.40842294692993164,0.1775888204574585,-0.2739260494709015,0.2820747196674347,-0.20863044261932373
沿叶脉分布,-0.40880507230758667,-0.2108650505542755,-0.0897124707698822,-0.3070652484893799,0.308023601770401,-0.03876647725701332,-0.07160777598619461,-0.16343949735164642,-0.034448206424713135,0.21440578997135162,0.2253859043121338,0.18099120259284973,0.1302058845758438,-0.13803327083587646,-0.3892381191253662,0.48951929807662964
全叶分布,-0.15402139723300934,0.06139276921749115,0.22236675024032593,-0.06793253123760223,0.4665844440460205,0.06804948300123215,0.31750115752220154,-0.47057899832725525,0.18054859340190887,0.059478409588336945,0.3251500129699707,-0.016057444736361504,0.386764794588089,0.25579896569252014,0.112774558365345,0.06331796944141388
叶片皱缩,0.36051279306411743,-0.052217837423086166,-0.5331124663352966,0.1238483265042305,-0.03136430308222771,0.38772958517074585,0.10329868644475937,-0.21731314063072205,-0.19045490026474,0.23138922452926636,-0.09300778061151505,0.11612894386053085,-0.02950873225927353,0.35313302278518677,0.07706811279058456,-0.3392333686351776
灰白色,-0.14795102179050446,-0.22110353410243988,0.13438060879707336,-0.2846633493900299,0.09467659890651703,0.23783370852470398,-0.2878800928592682,0.1390199214220047,0.03719981759786606,0.47960346937179565,0.2681669592857361,-0.23964998126029968,0.09366542100906372,0.3059307038784027,0.19541382789611816,0.4013727009296417
粉状覆盖物,0.42489343881607056,-0.21131350100040436,-0.24645735323429108,0.051130883395671844,-0.40960949659347534,-0.3746930956840515,-0.1119188442826271,-0.1900050938129425,-0.20663291215896606,0.11325956135988235,0.2720451056957245,-0.02911442518234253,0.311709463596344,0.2463267743587494,0.04048623517155647,-0.2545469105243683
橙黄色,-0.29119357466697693,0.07925650477409363,-0.3513251841068268,0.23547925055027008,0.6039882302284241,0.1574215590953827,0.17603175342082977,0.07323800772428513,-0.0003147748939227313,0.01917371340095997,0.23351046442985535,-0.1702015995979309,0.05370568111538887,-0.3833704888820648,-0.15254200994968414,0.21707333624362946
橘红色,-0.08212318271398544,-0.26171016693115234,0.06517202407121658,0.14353768527507782,0.41343557834625244,0.28370511531829834,-0.30739477276802063,-0.2328622043132782,-0.3188433051109314,-0.11769751459360123,0.26127877831459045,-0.005184801761060953,-0.02352166920900345,0.34000879526138306,-0.09805703908205032,-0.4361165463924408
有孢子堆,0.163975790143013,-0.5359017848968506,0.20893624424934387,0.0236172117292881,-0.031141705811023712,0.6034529805183411,0.1762845367193222,0.2578820586204529,0.13896304368972778,0.2265842705965042,0.2347985804080963,-0.046606212854385376,0.07122686505317688,-0.11628605425357819,-0.1364498883485794,0.11762861162424088
油亮光泽,0.18651117384433746,0.025275344029068947,-0.14061956107616425,0.07785985618829727,0.015896566212177277,0.5929070711135864,0.1806529313325882,0.4200787842273712,0.036892618983983994,0.06840480118989944,-0.004942249972373247,0.07184381037950516,-0.4400002360343933,0.06598123162984848,-0.40019384026527405,0.09225345402956009
叶片肥厚,0.19003131985664368,-0.3408321440219879,-0.5381785035133362,0.21479716897010803,-0.06645161658525467,-0.1669088751077652,-0.36887308955192566,-0.11794033646583557,0.26884785294532776,-0.06672108918428421,-0.025078922510147095,-0.058107197284698486,0.4177013635635376,0.015498671680688858,-0.25327131152153015,0.10049179196357727
has_color,-0.31686750054359436,-0.13306845724582672,-0.27150776982307434,-0.14041927456855774,0.17365378141403198,-0.20007926225662231,-0.1511979103088379,0.2954905033111572,-0.35343483090400696,0.35201117396354675,0.17720268666744232,0.2749733328819275,0.24292044341564178,0.25072306394577026,-0.2343098670244217,-0.5556704998016357
has_shape,-0.5434963703155518,0.05026182904839516,-0.2659499943256378,-0.31233924627304077,-0.40336868166923523,0.11602339148521423,0.0912405475974083,0.288760244846344,-0.44874995946884155,0.3742797076702118,-0.14174553751945496,-0.13578416407108307,0.4379116892814636,0.14488258957862854,-0.14467982947826385,0.11990395933389664
has_texture,0.0053723761811852455,-0.31462594866752625,-0.3808526396751404,-0.3294866383075714,-0.48007214069366455,0.25947797298431396,0.09581852704286575,-0.41000598669052124,-0.22516165673732758,-0.13754861056804657,-0.27849382162094116,0.3795863389968872,0.27488353848457336,0.28510111570358276,-0.496396005153656,0.09820181131362915
has_distribution,-0.6027296185493469,0.19564402103424072,-0.25141289830207825,-0.18996469676494598,0.5519475340843201,-0.1007440835237503,-0.1605100929737091,-0.30042174458503723,-0.20455554127693176,-0.3237656354904175,0.15126268565654755,-0.2724285423755646,-0.1325840950012207,0.23639829456806183,-0.1927415281534195,0.2912188470363617
